huc2,huc4,huc4_name,NWS_ID
14,1407,Upper Colorado-Dirty Devil,GLDA3
15,1502,Little Colorado,LCLA3
15,1502,Little Colorado,LCLA3
15,1502,Little Colorado,CHWA3
15,1506,Salt,VDTA3
15,1506,Salt,SLRA3
15,1506,Salt,TNRA3
15,1504,Upper Gila,SFCA3
15,1504,Upper Gila,GLHA3
15,1504,Upper Gila,CLDA3
14,1401,Colorado Headwaters,FRWC2
14,1401,Colorado Headwaters,GBYC2
14,1401,Colorado Headwaters,KRMC2
14,1401,Colorado Headwaters,WCRC2
14,1401,Colorado Headwaters,WFDC2
14,1401,Colorado Headwaters,WORC2
14,1401,Colorado Headwaters,DIRC2
14,1401,Colorado Headwaters,GMRC2
14,1401,Colorado Headwaters,EGLC2
14,1401,Colorado Headwaters,GPSC2
14,1401,Colorado Headwaters,GWSC2
14,1401,Colorado Headwaters,RURC2
14,1401,Colorado Headwaters,CAMC2
14,1401,Colorado Headwaters,GCOC2
14,1402,Gunnison,ALEC2
14,1402,Gunnison,ALTC2
14,1402,Gunnison,TPIC2
14,1402,Gunnison,BMDC2
14,1402,Gunnison,CLSC2
14,1402,Gunnison,GUSC2
14,1402,Gunnison,LFGC2
14,1402,Gunnison,MPSC2
14,1402,Gunnison,TOMC2
14,1402,Gunnison,PRSC2
14,1402,Gunnison,SOMC2
14,1402,Gunnison,GJNC2
14,1402,Gunnison,SCCC2
14,1402,Gunnison,CLOC2
14,1402,Gunnison,DLAC2
14,1402,Gunnison,RBSC2
14,1403,Upper Colorado-Dolores,DOLC2
14,1403,Upper Colorado-Dolores,MPHC2
14,1403,Upper Colorado-Dolores,SMPC2
14,1405,White-Yampa,ELHC2
14,1405,White-Yampa,ENMC2
14,1405,White-Yampa,STMC2
14,1405,White-Yampa,MBLC2
14,1405,White-Yampa,YDLC2
14,1405,White-Yampa,LILC2
14,1405,White-Yampa,LSRC2
14,1405,White-Yampa,WRMC2
14,1408,San Juan,LNAC2
14,1408,San Juan,NAVC2
14,1408,San Juan,PSPC2
14,1408,San Juan,RBPC2
14,1408,San Juan,SJCC2
14,1408,San Juan,VCRC2
14,1408,San Juan,PIDC2
14,1408,San Juan,DRGC2
14,1408,San Juan,LEMC2
14,1408,San Juan,MNRC2
16,1601,Bear,STDI1
14,1408,San Juan,NVRN5
15,1502,Little Colorado,ZUIN5
15,1504,Upper Gila,GSFN5
15,1504,Upper Gila,GILN5
15,1504,Upper Gila,GVRN5
14,1403,Upper Colorado-Dolores,DOLU1
14,1403,Upper Colorado-Dolores,CLRU1
14,1404,Great Divide-Upper Green,GRNU1
14,1405,White-Yampa,WATU1
14,1406,Lower Green,ASHU1
14,1406,Lower Green,BRUU1
14,1406,Lower Green,DURU1
14,1406,Lower Green,WTRU1
14,1408,San Juan,BFFU1
14,1404,Great Divide-Upper Green,BNRU1
14,1406,Lower Green,DADU1
14,1406,Lower Green,LAAU1
14,1406,Lower Green,MYRU1
14,1406,Lower Green,NEUU1
14,1406,Lower Green,ROKU1
14,1406,Lower Green,SFRU1
14,1406,Lower Green,TADU1
14,1406,Lower Green,USTU1
14,1406,Lower Green,WFDU1
14,1406,Lower Green,YLLU1
14,1406,Lower Green,CRUU1
14,1406,Lower Green,STAU1
14,1406,Lower Green,STIU1
14,1406,Lower Green,FCNU1
14,1406,Lower Green,SFSU1
14,1406,Lower Green,WRSU1
14,1406,Lower Green,GRVU1
14,1406,Lower Green,ELLU1
14,1406,Lower Green,FRRU1
14,1406,Lower Green,HPBU1
14,1406,Lower Green,JOVU1
14,1407,Upper Colorado-Dirty Devil,MDCU1
15,1501,Lower Colorado-Lake Mead,STCU1
15,1501,Lower Colorado-Lake Mead,VIRU1
16,1601,Bear,BERU1
16,1601,Bear,HRMU1
16,1601,Bear,LGNU1
16,1601,Bear,PRZU1
16,1602,Great Salt Lake,CIVU1
16,1602,Great Salt Lake,CLLU1
16,1602,Great Salt Lake,CRAU1
16,1602,Great Salt Lake,ECBU1
16,1602,Great Salt Lake,OAWU1
16,1602,Great Salt Lake,RKUU1
16,1602,Great Salt Lake,ECRU1
16,1602,Great Salt Lake,GATU1
16,1602,Great Salt Lake,OGHU1
16,1602,Great Salt Lake,PINU1
16,1602,Great Salt Lake,AFPU1
16,1602,Great Salt Lake,SZZU1
16,1602,Great Salt Lake,UTLU1
16,1602,Great Salt Lake,WESU1
16,1602,Great Salt Lake,CASU1
16,1602,Great Salt Lake,DCRU1
16,1602,Great Salt Lake,PVHU1
16,1602,Great Salt Lake,WOOU1
16,1602,Great Salt Lake,BCTU1
16,1602,Great Salt Lake,CCSU1
16,1602,Great Salt Lake,DELU1
16,1602,Great Salt Lake,LAMU1
16,1602,Great Salt Lake,LCTU1
16,1602,Great Salt Lake,MILU1
16,1602,Great Salt Lake,PRLU1
16,1602,Great Salt Lake,RBCU1
16,1603,Escalante Desert-Sevier Lake,HATU1
16,1603,Escalante Desert-Sevier Lake,PIUU1
16,1603,Escalante Desert-Sevier Lake,SEKU1
16,1603,Escalante Desert-Sevier Lake,SRKU1
16,1603,Escalante Desert-Sevier Lake,CCDU1
16,1603,Escalante Desert-Sevier Lake,SAYU1
16,1603,Escalante Desert-Sevier Lake,MAAU1
16,1603,Escalante Desert-Sevier Lake,COAU1
16,1603,Escalante Desert-Sevier Lake,BEVU1
14,1404,Great Divide-Upper Green,BPNW4
14,1404,Great Divide-Upper Green,GBRW4
14,1404,Great Divide-Upper Green,WBRW4
14,1404,Great Divide-Upper Green,FRAW4
14,1404,Great Divide-Upper Green,BSRW4
14,1404,Great Divide-Upper Green,GRRW4
14,1404,Great Divide-Upper Green,HMFW4
14,1404,Great Divide-Upper Green,VIVW4
16,1601,Bear,BORW4
14,1404,Great Divide-Upper Green,SLRW4
16,1601,Bear,BEAW4
16,1604,Black Rock Desert-Humboldt,HRCN2
16,1604,Black Rock Desert-Humboldt,HREN2
16,1604,Black Rock Desert-Humboldt,LCLN2
16,1604,Black Rock Desert-Humboldt,MHSN2
16,1604,Black Rock Desert-Humboldt,PALN2
16,1604,Black Rock Desert-Humboldt,ROCN2
16,1604,Black Rock Desert-Humboldt,CMSN2
16,1604,Black Rock Desert-Humboldt,MARN2
16,1604,Black Rock Desert-Humboldt,HRIN2
18,1801,Klamath-Northern California Coastal,BTYO3
18,1801,Klamath-Northern California Coastal,CHSO3
18,1801,Klamath-Northern California Coastal,KLAO3
18,1801,Klamath-Northern California Coastal,SCNO3
18,1801,Klamath-Northern California Coastal,WKAO3
18,1801,Klamath-Northern California Coastal,WMSO3
18,1801,Klamath-Northern California Coastal,CEGC1
18,1801,Klamath-Northern California Coastal,HYMC1
18,1801,Klamath-Northern California Coastal,TCCC1
18,1801,Klamath-Northern California Coastal,ARCC1
18,1801,Klamath-Northern California Coastal,BRGC1
18,1801,Klamath-Northern California Coastal,FTSC1
18,1801,Klamath-Northern California Coastal,MRNC1
18,1801,Klamath-Northern California Coastal,ORIC1
18,1801,Klamath-Northern California Coastal,SCOC1
18,1801,Klamath-Northern California Coastal,FTJC1
18,1801,Klamath-Northern California Coastal,HAPC1
18,1801,Klamath-Northern California Coastal,SBRC1
18,1801,Klamath-Northern California Coastal,YREC1
18,1801,Klamath-Northern California Coastal,CREC1
18,1801,Klamath-Northern California Coastal,DOSC1
18,1803,Tulare-Buena Vista Lakes,ISAC1
18,1804,San Joaquin,FRAC1
18,1803,Tulare-Buena Vista Lakes,PFTC1
18,1804,San Joaquin,BHNC1
18,1804,San Joaquin,HIDC1
18,1803,Tulare-Buena Vista Lakes,SCSC1
18,1803,Tulare-Buena Vista Lakes,TMDC1
18,1804,San Joaquin,EXQC1
18,1804,San Joaquin,HPIC1
18,1804,San Joaquin,POHC1
18,1804,San Joaquin,CHVC1
18,1804,San Joaquin,HETC1
18,1804,San Joaquin,NDPC1
18,1804,San Joaquin,NMSC1
18,1804,San Joaquin,MHBC1
18,1805,San Francisco Bay,APCC1
18,1801,Klamath-Northern California Coastal,WSDC1
18,1801,Klamath-Northern California Coastal,NVRC1
18,1801,Klamath-Northern California Coastal,UKAC1
18,1806,Central California Coastal,BSRC1
18,1806,Central California Coastal,RDRC1
18,1806,Central California Coastal,SNRC1
18,1806,Central California Coastal,HOSC1
18,1806,Central California Coastal,PIIC1
18,1806,Central California Coastal,AROC1
18,1806,Central California Coastal,NACC1
18,1806,Central California Coastal,PRBC1
16,1605,Central Lahontan,FTCN2
16,1605,Central Lahontan,GRDN2
16,1605,Central Lahontan,BPRC1
16,1605,Central Lahontan,WWBC1
16,1605,Central Lahontan,CEMC1
16,1605,Central Lahontan,WOOC1
16,1605,Central Lahontan,BCAC1
16,1605,Central Lahontan,DNRC1
16,1605,Central Lahontan,FARC1
16,1605,Central Lahontan,MTSC1
16,1605,Central Lahontan,PSRC1
16,1605,Central Lahontan,SGNC1
16,1605,Central Lahontan,ILAC1
16,1605,Central Lahontan,STPC1
16,1605,Central Lahontan,STWN2
18,1802,Sacramento,HLEC1
18,1802,Sacramento,NBBC1
18,1802,Sacramento,ORDC1
18,1802,Sacramento,HLLC1
18,1802,Sacramento,MFAC1
18,1802,Sacramento,NFDC1
18,1802,Sacramento,SCBC1
18,1802,Sacramento,GYRC1
18,1802,Sacramento,ICHC1
18,1802,Sacramento,SPYC1
18,1802,Sacramento,FOLC1
18,1802,Sacramento,CNBC1
18,1802,Sacramento,PLYC1
18,1802,Sacramento,CWCC1
18,1802,Sacramento,DLTC1
18,1802,Sacramento,SHDC1
18,1802,Sacramento,WHSC1
18,1802,Sacramento,COTC1
18,1802,Sacramento,CWAC1
18,1802,Sacramento,DCVC1
18,1802,Sacramento,EDCC1
18,1802,Sacramento,MLMC1
18,1807,Southern California Coastal,VRVC1
18,1809,Northern Mojave-Mono Lake,DKHC1
18,1809,Northern Mojave-Mono Lake,MVVC1
18,1807,Southern California Coastal,SRWC1
18,1809,Northern Mojave-Mono Lake,WFMC1
17,1705,Middle Snake,SWAI1
17,1705,Middle Snake,LUCI1
17,1705,Middle Snake,BRNI1
17,1706,Lower Snake,HCDI1
17,1704,Upper Snake,TOPI1
17,1704,Upper Snake,SHYI1
17,1704,Upper Snake,MAGI1
17,1704,Upper Snake,WODI1
17,1704,Upper Snake,HALI1
17,1705,Middle Snake,HRSI1
17,1701,Kootenai-Pend Oreille-Spokane,PRTI1
17,1701,Kootenai-Pend Oreille-Spokane,CABI1
17,1704,Upper Snake,PALI1
17,1704,Upper Snake,RIRI1
17,1704,Upper Snake,HEII1
17,1701,Kootenai-Pend Oreille-Spokane,LEOI1
17,1701,Kootenai-Pend Oreille-Spokane,BFEI1
17,1701,Kootenai-Pend Oreille-Spokane,EASI1
17,1705,Middle Snake,PARI1
17,1706,Lower Snake,ORFI1
17,1706,Lower Snake,DWRI1
17,1704,Upper Snake,MACI1
17,1704,Upper Snake,HWRI1
17,1705,Middle Snake,SKHI1
17,1705,Middle Snake,ARAI1
17,1704,Upper Snake,TEAI1
17,1704,Upper Snake,ANTI1
17,1704,Upper Snake,CHEI1
17,1705,Middle Snake,EMMI1
17,1706,Lower Snake,WHBI1
17,1701,Kootenai-Pend Oreille-Spokane,COEI1
17,1706,Lower Snake,SMNI1
17,1704,Upper Snake,REXI1
17,1706,Lower Snake,SPDI1
17,1705,Middle Snake,HOTI1
17,1704,Upper Snake,AMFI1
17,1701,Kootenai-Pend Oreille-Spokane,CLDI1
17,1701,Kootenai-Pend Oreille-Spokane,ENVI1
17,1705,Middle Snake,DRBI1
17,1705,Middle Snake,CSCI1
17,1705,Middle Snake,WEII1
17,1705,Middle Snake,WSRI1
17,1705,Middle Snake,WDHN2
17,1704,Upper Snake,SFLN2
17,1705,Middle Snake,UNYO3
17,1705,Middle Snake,EGCO3
17,1707,Middle Columbia,MCDW1
17,1709,Willamette,ESTO3
17,1707,Middle Columbia,MONO3
17,1712,Oregon Closed Basins,DONO3
17,1712,Oregon Closed Basins,BUSO3
17,1705,Middle Snake,MADO3
17,1710,Oregon-Washington Coastal,RYGO3
17,1709,Willamette,VIDO3
17,1709,Willamette,WTLO3
17,1705,Middle Snake,OWYO3
17,1705,Middle Snake,BEUO3
17,1709,Willamette,MEHO3
17,1709,Willamette,SLMO3
17,1708,Lower Columbia,BONO3
17,1707,Middle Columbia,JDAO3
17,1707,Middle Columbia,PDTO3
17,1707,Middle Columbia,GIBO3
17,1706,Lower Snake,LGNO3
17,1706,Lower Snake,LSTO3
17,1706,Lower Snake,IMNO3
17,1706,Lower Snake,TRYO3
17,1707,Middle Columbia,TDAO3
17,1707,Middle Columbia,MODO3
17,1707,Middle Columbia,SERO3
17,1701,Kootenai-Pend Oreille-Spokane,ABBM8
17,1701,Kootenai-Pend Oreille-Spokane,HHWM8
17,1701,Kootenai-Pend Oreille-Spokane,CFMM8
17,1701,Kootenai-Pend Oreille-Spokane,WGCM8
17,1701,Kootenai-Pend Oreille-Spokane,FCFM8
17,1701,Kootenai-Pend Oreille-Spokane,KERM8
17,1701,Kootenai-Pend Oreille-Spokane,LYDM8
17,1701,Kootenai-Pend Oreille-Spokane,SRGM8
17,1701,Kootenai-Pend Oreille-Spokane,BITM8
17,1701,Kootenai-Pend Oreille-Spokane,ABOM8
17,1701,Kootenai-Pend Oreille-Spokane,BELM8
17,1701,Kootenai-Pend Oreille-Spokane,BONM8
17,1701,Kootenai-Pend Oreille-Spokane,DARM8
17,1701,Kootenai-Pend Oreille-Spokane,PLNM8
17,1704,Upper Snake,SALW4
17,1704,Upper Snake,GREW4
17,1704,Upper Snake,JLKW4
17,1702,Upper Columbia,PESW1
17,1702,Upper Columbia,CHDW1
17,1702,Upper Columbia,STHW1
17,1711,Puget Sound,DRSW1
17,1708,Lower Columbia,MEWW1
17,1708,Lower Columbia,CASW1
17,1702,Upper Columbia,RISW1
17,1702,Upper Columbia,LAUW1
17,1702,Upper Columbia,PRDW1
17,1702,Upper Columbia,GCDW1
17,1703,Yakima,CLEW1
17,1703,Yakima,KACW1
17,1703,Yakima,KEEW1
17,1703,Yakima,HLKW1
17,1708,Lower Columbia,MYDW1
17,1701,Kootenai-Pend Oreille-Spokane,LLKW1
17,1702,Upper Columbia,TONW1
17,1702,Upper Columbia,PATW1
17,1702,Upper Columbia,NITW1
17,1701,Kootenai-Pend Oreille-Spokane,ALFW1
17,1711,Puget Sound,CONW1
17,1701,Kootenai-Pend Oreille-Spokane,SPOW1
17,1702,Upper Columbia,CIBW1
17,1706,Lower Snake,LGDW1
17,1703,Yakima,KIOW1
17,1703,Yakima,PARW1
17,1703,Yakima,RIMW1
17,1703,Yakima,NACW1
17,1703,Yakima,BUMW1
17,1702,Upper Columbia,BIRQ2
17,1702,Upper Columbia,ARDQ2
17,1702,Upper Columbia,SMKQ2
17,1701,Kootenai-Pend Oreille-Spokane,QBYQ2
